"datahgf.u","datahgf.mu1hat","datahgf.da","datahgf.sa1hat","datahgf.mu2","datahgf.sa2","datahgf.sa2hat","datahgf.mu3","datahgf.sa3","datahgf.pi3hat","datahgf.w2","datahgf.r2","datahgf.da2","datahgf.exp_p","datahgf.yhat","choice1"
0,0,0,0,0,2,0,0,2,0,0,0,0,0,0,0
0,0.5,-0.5,0.25,-0.677639409520859,1.35527881904172,2.04978706836786,-0.00305626766234121,2.19218023225375,0.454545454545455,0.0242888976792632,-0.951422204641474,-0.114798792333945,NA,0,0
0,0.336788365408022,-0.336788365408022,0.223361962333815,-1.03778335282369,1.06934793565839,1.40491395709065,-0.009203710095867,2.37496785414968,0.418028703070531,0.0353296639971585,-0.929340672005683,-0.146530227346343,NA,1,0
0,0.261577923874422,-0.261577923874422,0.193154913615969,-1.27841069863383,0.919906933452282,1.11867888051653,-0.0162891913823181,2.55194295954322,0.388354362711152,0.0440975026143006,-0.911804994771399,-0.125925705728508,NA,0,0
0,0.217820879270573,-0.217820879270573,0.170374943824367,-1.45955308812447,0.831611689830871,0.968889580210784,-0.0237132721004014,2.72399836742058,0.363379624760095,0.0505554479673998,-0.8988891040652,-0.107819639351271,NA,1,0
0,0.188535688736832,-0.188535688736832,0.15298998280936,-1.60581203343945,0.775762648944064,0.880232032019332,-0.0312503136485232,2.89149699837198,0.341997454971958,0.0552358246687765,-0.889528350662447,-0.0943815959526378,NA,0,0
0,0.167170869812281,-0.167170869812281,0.139224770098486,-1.72938686280691,0.739212696005112,0.824017915118149,-0.0387979451822175,3.05470350225631,0.323467886440327,0.0585609430192612,-0.882878113961478,-0.0843846709933126,NA,0,0
0,0.150666023516334,-0.150666023516334,0.12796577287411,-1.83712518643878,0.715080421699666,0.787105120231709,-0.046303140749295,3.21388559456964,0.307247649227266,0.0608462872309834,-0.878307425538033,-0.0767586826715735,NA,0,0
0,0.137391646597877,-0.137391646597877,0.118515182043001,-1.93321715357452,0.699401816014196,0.762614749389433,-0.0537356860700854,3.36933056956731,0.292921356705881,0.0623307216754254,-0.875338556649149,-0.0707818295809766,NA,0,0
0,0.126394917282122,-0.126394917282122,0.110419242167367,-2.02039490141413,0.689725106944166,0.746584152375279,-0.0610772075170196,3.52133880298675,0.280164580026899,0.0631976130366162,-0.873604773926767,-0.0659792811781589,NA,0,0
0,0.117078163400949,-0.117078163400949,0.103370867055609,-2.10052893332235,0.68444900039806,0.736562321580322,-0.0683161000102786,3.67021276132123,0.268720493602302,0.0635889364197511,-0.872822127160498,-0.062033933550063,NA,0,0
0,0.109045422306009,-0.109045422306009,0.0971545181801134,-2.17495046841372,0.68248197418618,0.730948389688673,-0.0754449500094899,3.81624726957085,0.258383727632228,0.0636151470426223,-0.872769705914755,-0.058728976248817,NA,0,0
0,0.102022606886157,-0.102022606886157,0.0916139945703098,-2.24463742152589,0.683054033209828,0.728651055063918,-0.0824591123188501,3.95972248933295,0.248988653556396,0.0633624017379463,-0.873275196524107,-0.0559125662920481,NA,0,0
1,0.0958130347169961,0.904186965283004,0.0866328970953158,-1.62472088895503,0.685606579582604,0.728900409734019,-0.0183555580027141,4.35698123208293,0.240400652342642,0.0628979980144615,-0.874204003971077,0.467831644281405,NA,0,1
0,0.164554830524346,-0.164554830524346,0.13747653827545,-1.73449956698219,0.667125223108663,0.734488114737664,-0.0295510157814432,4.46766767922213,0.219443519529905,0.0665518395386419,-0.866896320922716,-0.0753062335111655,NA,0,0
0,0.150012940231392,-0.150012940231392,0.127509057994525,-1.83285540677576,0.655649036955456,0.715462559064385,-0.0403820697625936,4.5752046216374,0.214239759280946,0.0675609580729618,-0.864878083854076,-0.07008004856746,NA,0,0
0,0.137898464226272,-0.137898464226272,0.118882477790308,-1.92237568266109,0.649175292760626,0.703465653675741,-0.0508462712687374,4.6803972354174,0.209415109766983,0.0679729230139869,-0.864054153972026,-0.0657835686486266,NA,0,0
0,0.127596880979582,-0.127596880979582,0.111315916943865,-2.00485172401236,0.646379760367831,0.696494155608594,-0.0609518330937393,4.78389780299682,0.204901353673207,0.0679386359051653,-0.864122728189669,-0.0621858740594053,NA,0,0
0,0.118694462510367,-0.118694462510367,0.104606087079742,-2.08157017364523,0.646352390922765,0.693222847560886,-0.0707121916981344,4.88622940712356,0.200646168827679,0.0675729130363677,-0.864854173927264,-0.059122021537886,NA,0,0
0,0.110901049823598,-0.110901049823598,0.0986020069716217,-2.15348372358108,0.64844787357958,0.692740496789095,-0.0801431495960611,4.98780712683288,0.196609299336644,0.0669631789701077,-0.866073642059785,-0.0564728996304781,NA,0,0
0,0.104006130758609,-0.104006130758609,0.0931888555232319,-2.22131617367281,0.652196650302832,0.694400551650471,-0.0892613275705088,5.08895698045616,0.192759671967699,0.066176039119885,-0.86764792176023,-0.0541512531532669,NA,0,0
0,0.0978525543518714,-0.0978525543518714,0.0882774319586854,-2.28562972497537,0.657249590759732,0.697732228163492,-0.0980833153409744,5.1899324568474,0.189073196037558,0.0652622539459214,-0.869475492108157,-0.052092196770501,NA,0,0
1,0.092320114453642,0.907679885546358,0.0837971109209085,-1.68352724663277,0.66334231696693,0.70238522106949,-0.0133801893921444,5.72409969504936,0.185531081883892,0.0642605068498344,-0.871478986300331,0.46055139063317,NA,1,1
0,0.156628968013883,-0.156628968013883,0.132096334392789,-1.7855212227906,0.651182073476919,0.712467661796193,-0.027587552080984,5.77028171723051,0.168802020809285,0.0689509818669016,-0.862098036266197,-0.0714177216387755,NA,0,0
0,0.14362271293327,-0.14362271293327,0.122995229262958,-1.8780405271871,0.6441829603893,0.69961441127298,-0.0410786215283305,5.81766065726618,0.167496283653409,0.0692271871700523,-0.861545625659895,-0.0669963746349698,NA,0,0
0,0.132614104792702,-0.132614104792702,0.115027604002732,-1.96303950368695,0.640949743865643,0.691966281958021,-0.053898499583666,5.86699198410507,0.166177532591926,0.0690544074394948,-0.86189118512101,-0.0632859045710152,NA,0,0
1,0.123138479843001,0.876861520156999,0.107975394624955,-1.40138119251348,0.640532510849497,0.688124398930091,0.0318215166767409,6.42415941804045,0.164826326228863,0.0685554169243172,-0.862889166151366,0.389272885609239,NA,0,1
0,0.197597028523365,-0.197597028523365,0.158552442842101,-1.52458774494382,0.623524317906308,0.691929356178674,0.0135258842094399,6.40394072945466,0.150962550399462,0.0742804809049113,-0.851439038190178,-0.0769228581434127,NA,1,0
0,0.178786943826799,-0.178786943826799,0.146822172543872,-1.63423766404962,0.61329936492464,0.673989375259851,-0.00374446022707265,6.38870141695721,0.151424738798735,0.0748751526447828,-0.850249694710435,-0.0722072296118041,NA,0,0
0,0.163250670415476,-0.163250670415476,0.136599889024374,-1.7334708195032,0.607857567757806,0.662900356191744,-0.0200175765897166,6.37985801074119,0.151774976086535,0.0748242036737684,-0.850351592652463,-0.0681785261849985,NA,1,0
0,0.150144162087987,-0.150144162087987,0.127600892678883,-1.82444171044468,0.605890296874614,0.656657928368364,-0.0353534891498656,6.37805897400947,0.151978963431668,0.0743162588957319,-0.851367482208536,-0.0647093816420459,NA,0,0
0,0.138901756016055,-0.138901756016055,0.119608058191711,-1.90868679616226,0.606508428214807,0.65394796888172,-0.0498233523450438,6.38347792440085,0.152020528236535,0.073488525530994,-0.853022948938012,-0.0616903914669822,NA,0,0
0,0.129128455652868,-0.129128455652868,0.112454297593574,-1.98733748367126,0.609088733473544,0.65387571918783,-0.0634995650833667,6.39600128489613,0.151895398068189,0.0724408164778728,-0.855118367044255,-0.0590342383665711,NA,0,0
0,0.120538828702468,-0.120538828702468,0.106009219477505,-2.06124982252199,0.613182819564124,0.655812628933632,-0.0764512018948486,6.41534883212658,0.151607005033467,0.0712458000939418,-0.857508399812117,-0.0566728573000436,NA,0,0
0,0.112920575371692,-0.112920575371692,0.100169519029418,-2.13108678094056,0.618460880036166,0.659305466083432,-0.0887420882480205,6.44115077184498,0.151163608356317,0.0699564145786586,-0.860087170842683,-0.0545534462193548,NA,0,0
1,0.106111864045508,0.893888135954492,0.0948521363542956,-1.57269657978281,0.624675704596417,0.664020107898897,0.011239664323578,7.1029985339912,0.150576313406327,0.0686112172218553,-0.862777565556289,0.410311691175468,NA,0,1
0,0.171832312684423,-0.171832312684423,0.142305969001946,-1.67852215423872,0.615865391105256,0.675025519517264,-0.00742546159007162,7.04392146092102,0.136930056242731,0.0745894984190432,-0.850821003161914,-0.0710507600325729,NA,0,0
1,0.15729125920597,0.84270874079403,0.13255071898337,-1.16331441966794,0.611371058149147,0.665284136684995,0.0828907088413602,7.64811682681696,0.138046775547571,0.0742821643485807,-0.851435671302839,0.317948256334067,NA,0,1
0,0.238065559573428,-0.238065559573428,0.181390348918419,-1.3046744265955,0.593786044402434,0.665460877593792,0.0592195464946224,7.49815205290241,0.127419102195702,0.0812817421216789,-0.837436515756642,-0.0776787687650545,NA,1,0
0,0.213379369761213,-0.213379369761213,0.16784861432152,-1.42913927068893,0.583303082358492,0.646610529993749,0.0369709022525909,7.36564910765489,0.12990130529092,0.0816944406887801,-0.83661111862244,-0.0739486104881683,NA,0,0
1,0.193232831257032,0.806767168742968,0.155893904181424,-0.963010886338173,0.577773120189102,0.634965272456588,0.117793252406979,7.8802860653115,0.132176365275546,0.0813622293046393,-0.837275541390721,0.252113816887366,NA,0,1
0,0.276275770429576,-0.276275770429576,0.19994746910312,-1.11841653575517,0.562501913126007,0.63378414435069,0.0925875824153339,7.67057476810952,0.123757994694393,0.088375552876873,-0.823248894246254,-0.0743649328782913,NA,0,0
0,0.24630511802288,-0.24630511802288,0.185638906858615,-1.25479263395558,0.55368763465054,0.617118785966651,0.0685278728554723,7.48403960873281,0.127055523829322,0.0885030144643756,-0.822993971071248,-0.0726484303755525,NA,0,0
0,0.221871613638449,-0.221871613638449,0.17264460069992,-1.37669512806646,0.549428077399404,0.607006123397982,0.0458921967178218,7.32356631252473,0.13013988096359,0.0878384693204884,-0.824323061359023,-0.0703746243760999,NA,0,0
0,0.201540301173927,-0.201540301173927,0.16092180817665,-1.48723203777636,0.548460576202607,0.601553223119267,0.0247290346824273,7.18888790972686,0.132915688977881,0.086650929155654,-0.826698141688692,-0.0679478339364531,NA,1,0
0,0.184337546928321,-0.184337546928321,0.15035721572077,-1.58860384445182,0.54992489790958,0.599494179996433,0.00498200202296184,7.07831566951316,0.135338363799454,0.0851277718728314,-0.829744456254337,-0.0655436536488814,NA,0,0
0,0.169580416915972,-0.169580416915972,0.140822899114577,-1.68241913293883,0.553220060388801,0.599960624446205,-0.0134489409148938,6.98962748203186,0.137394425497196,0.0833983506547793,-0.833203298690441,-0.0632362427759705,NA,0,0
0,0.156775401473033,-0.156775401473033,0.132196874966002,-1.76988670189337,0.557916408650261,0.602342027891901,-0.0306775659877797,6.92050838493698,0.139089264707967,0.0815516188950303,-0.836896762209939,-0.0610534246656004,NA,0,0
0,0.145556419228092,-0.145556419228092,0.124369748049588,-1.85193690514776,0.563700341692378,0.606199320831502,-0.0468170668523835,6.86875667490786,0.140439410494262,0.0796485751831812,-0.840702849633638,-0.0590016221660842,NA,0,0
0,0.135645642510652,-0.135645642510652,0.117245902178525,-1.92930086373276,0.570338693916552,0.611210246526661,-0.0619736053964823,6.83236921147609,0.141467594089032,0.0777308710125021,-0.844538257974996,-0.0570775289197416,NA,0,0
0,0.126827984124977,-0.126827984124977,0.110742646567772,-2.00256371142918,0.57765522492439,0.61713394258474,-0.0762438116379226,6.80956591628876,0.142199587355013,0.0758267297244997,-0.848346540551001,-0.0552736941755185,NA,0,0
0,0.118934011439499,-0.118934011439499,0.104788712362408,-2.07220132935151,0.585514749561426,0.623787437823163,-0.0897142444873307,6.79878496654376,0.142662186495202,0.0739550207355261,-0.852089958528948,-0.0535812175834735,NA,0,0
0,0.111828209767961,-0.111828209767961,0.0993226612680539,-2.13860628483143,0.593812201927498,0.631029708258291,-0.102461786983808,6.79866506626579,0.142881943763138,0.0721280759070625,-0.855743848185875,-0.0519910359039295,NA,0,0
0,0.105400732647735,-0.105400732647735,0.0942914182050561,-2.2021065325769,0.602464955890729,0.638750639177007,-0.114554446550584,6.80802316954041,0.142884391599205,0.070353647406772,-0.859292705186456,-0.0504945120119159,NA,0,0
0,0.099561481230892,-0.099561481230892,0.0896489926860027,-2.26297915286705,0.611407338838018,0.646863240440775,-0.126052289838871,6.82583179328978,0.142693592159682,0.0686362769969628,-0.862727446006075,-0.0490836759871107,NA,0,0
0,0.0942357746113048,-0.0942357746113048,0.0853553933947122,-2.3214606165738,0.620586650324354,0.655298062390081,-0.137008377900148,6.85119782950715,0.142331901676764,0.066978259316042,-0.866043481367916,-0.0477512940513117,NA,0,0
0,0.0893611292999168,-0.0893611292999168,0.0813757178701603,-2.37775457424241,0.629960231138857,0.663999127880609,-0.147469639169929,6.88334361136191,0.141819875740161,0.0653803231561793,-0.869239353687641,-0.0464908548453816,NA,0,0
0,0.0848848265365639,-0.0848848265365639,0.0776793927604214,-2.43203785014692,0.639493277177554,0.672920926650201,-0.157477655285808,6.92159040442017,0.141176265739243,0.0638421154848052,-0.87231576903039,-0.0452965188368504,NA,0,0
0,0.0807620488463398,-0.0807620488463398,0.0742395403124812,-2.48446511476332,0.649157189116696,0.682026165676379,-0.167069354000673,6.96534421535485,0.140418072819707,0.0623625465404907,-0.875274906919019,-0.0441630541471307,NA,0,0
0,0.0769544343796288,-0.0769544343796288,0.0710324494089402,-2.53517257036362,0.658928312696777,0.691284065250488,-0.176277612872304,7.01408369165592,0.13956063657864,0.0609400364501777,-0.878119927099645,-0.0430857703764107,NA,0,0
0,0.0734289423014177,-0.0734289423014177,0.0680371327339127,-2.58428088999674,0.668786967290527,0.700669054191956,-0.18513178158899,7.06734984923789,0.138617743117762,0.0595726916230322,-0.880854616753936,-0.0420604558855916,NA,0,0
0,0.0701569528320068,-0.0701569528320068,0.0652349548013344,-2.63189758477992,0.678716689665835,0.710159760559796,-0.19365813221385,7.12473736869377,0.13760174214055,0.0582584308024659,-0.883483138395068,-0.0410833208134572,NA,0,0
0,0.0671135464615044,-0.0671135464615044,0.0626093183428639,-2.67811892852706,0.68870364008634,0.719738223601484,-0.201880246652773,7.18588722301501,0.136523666264683,0.0569950748626101,-0.88600985027478,-0.0401509464826669,NA,0,0
0,0.0642769215111507,-0.0642769215111507,0.0601453988722,-2.72303153604582,0.698736132080647,0.729389273075847,-0.209819350008096,7.2504804282649,0.135393348125317,0.0557804103944874,-0.888439179211025,-0.0392602410511304,NA,0,0
0,0.0616279196225277,-0.0616279196225277,0.0578299191455269,-2.76671366784192,0.708804257285557,0.739100036433086,-0.21749459756715,7.31823273810511,0.134219532502401,0.0546122342886575,-0.890775531422685,-0.0384084009064277,NA,0,0
0,0.0591496362489577,-0.0591496362489577,0.0556509567805737,-2.80923631673538,0.718899584005636,0.74885954455095,-0.224923322198379,7.388890130484,0.133009981844755,0.0534883845132955,-0.893023230973409,-0.0375928771706824,NA,0,0
0,0.0568270986856572,-0.0568270986856572,0.0535977795406278,-2.85066411916173,0.729014913386825,0.758658414084665,-0.232121247990743,7.4622249590989,0.131771574341691,0.052406760856925,-0.89518647828615,-0.0368113466686568,NA,0,0
0,0.0546469982034592,-0.0546469982034592,0.0516607037908103,-2.89105612442588,0.739144080957007,0.768488589845805,-0.239102675120914,7.53803266318666,0.130510394218131,0.0513653383804963,-0.897269323239008,-0.036061686752042,NA,0,0
0,0.0525974658540223,-0.0525974658540223,0.0498309724397572,-2.93046644800829,0.749281794141723,0.778343134565372,-0.245880640183287,7.61612894693041,0.12923181427722,0.0503621755850054,-0.899275648829989,-0.0353419534356647,NA,1,0
0,0.0506678837761369,-0.0506678837761369,0.0481006493297848,-2.96894482956699,0.759423498496791,0.788216056321505,-0.252467055570327,7.69634735462676,0.127940570938601,0.0493954187656146,-0.901209162468771,-0.0346503623699297,NA,0,0
0,0.0488487255523336,-0.0488487255523336,0.0464625275642464,-3.00653711208965,0.769565267007471,0.798102166103077,-0.258872830938023,7.77853718012028,0.126640832158183,0.048463303633348,-0.903073392733304,-0.0339852722399951,NA,0,0
0,0.0471314204841382,-0.0471314204841382,0.0449100496872856,-3.04328565540562,0.779703708025065,0.807996959635196,-0.265107979322875,7.86256165926108,0.125336258693091,0.0475641550001334,-0.904871689999733,-0.0333451702422862,NA,0,0
0,0.0455082376747743,-0.0455082376747743,0.0434372379785106,-3.07922969473656,0.78983588834651,0.81789651885223,-0.271181710081783,7.94829640261991,0.12403005921218,0.0466963851133168,-0.906607229773366,-0.032728659341723,NA,0,0
0,0.0439721866037454,-0.0439721866037454,0.0420386334090308,-3.1144056529736,0.799959268662884,0.82779742937001,-0.277102510493947,8.03562803270544,0.122725039761498,0.0458584910711678,-0.908283017857664,-0.0321344470584751,NA,0,0
0,0.0425169315026864,-0.0425169315026864,0.0407092420382823,-3.14884741379328,0.810071649161706,0.837696711054945,-0.282878217584639,8.12445299572522,0.121423648084735,0.0450490516365243,-0.909901896726951,-0.0315613355716571,NA,0,0
1,0.0411367173362038,0.958863282663796,0.0394444878230051,-2.36241543796379,0.820171123504402,0.847591759367844,-0.13868573970351,9.34231126118724,0.120128013277692,0.0442667236808918,-0.911466552638216,0.697334076471495,NA,0,1
0,0.0860839733935314,-0.0860839733935314,0.0786735229183132,-2.43202118536815,0.80857963056785,0.863510843666311,-0.152243084722809,9.31398618659039,0.104796413848649,0.0501901284503812,-0.899619743099238,-0.0580030388664083,NA,0,0
0,0.0807632860404994,-0.0807632860404994,0.0742405776684398,-2.49669051917335,0.800726876972023,0.851335744206934,-0.16496981128087,9.29355750998831,0.105108414116626,0.0502223875010838,-0.899555224997833,-0.0545340012046028,NA,0,0
0,0.0760905128380416,-0.0760905128380416,0.0703007466940855,-2.55724217156766,0.79578452208877,0.842942293196236,-0.176959981965983,9.28063942292329,0.105334591268646,0.0500810275684976,-0.899837944863005,-0.0515945976976383,NA,0,0
0,0.0719414538825055,-0.0719414538825055,0.0667658810957769,-2.61430232095207,0.793147014760091,0.837496790707616,-0.188293146368795,9.27483421424402,0.105478117602711,0.0498058847289459,-0.900388230542108,-0.0490675495783488,NA,0,0
0,0.0682236003012976,-0.0682236003012976,0.0635691406632264,-2.66836005917336,0.792361264761024,0.834389220064732,-0.199037082429522,9.27574189232874,0.105542743797738,0.0494280178996583,-0.901143964200683,-0.0468674753960427,NA,0,0
0,0.0648663743735,-0.0648663743735,0.0606587278491369,-2.71980438165493,0.79308151532188,0.833162738285446,-0.20924994367741,9.28296784099544,0.105532633894299,0.0489717934438437,-0.902056413112313,-0.0449308435528634,NA,0,0
0,0.0618148099304939,-0.0618148099304939,0.0579937392037508,-2.76894959254645,0.79503942415704,0.833468409681695,-0.218981951394655,9.2961285278976,0.10545221883775,0.0484564188524423,-0.903087162295116,-0.0432094766313184,NA,0,0
0,0.0590253274838213,-0.0590253274838213,0.0555413381992489,-2.81605320058109,0.798023662766698,0.83503517932123,-0.228276738510432,9.31485549585057,0.105306072581285,0.0478970900324244,-0.904205819935151,-0.0416662285928275,NA,1,0
0,0.0564628307334452,-0.0564628307334452,0.0532747794790115,-2.86132880577024,0.801865662791233,0.837649388238706,-0.237172425718305,9.33879794159597,0.10509881105773,0.0473058609346425,-0.905388278130715,-0.0402720344524586,NA,0,0
0,0.0540986625324426,-0.0540986625324426,0.0511719972446435,-2.90495556003131,0.80642944240833,0.841140453421564,-0.24570249023679,9.36762418676277,0.104835012348808,0.0466923097926983,-0.906615380414603,-0.0390038514880879,NA,0,0
0,0.0519091350266878,-0.0519091350266878,0.0492145767274689,-2.94708523239088,0.811604206810813,0.845370641342709,-0.253896472697183,9.40102231208584,0.104519155485177,0.046064054072813,-0.907871891854374,-0.0378431940668751,NA,0,0
0,0.0498744525487594,-0.0498744525487594,0.0473869915317209,-2.98784756637528,0.817298875502499,0.850227625963129,-0.261780556611067,9.43870018063589,0.104155575051752,0.0454271514743641,-0.909145697051272,-0.0367750725029131,NA,0,0
0,0.0479779088709885,-0.0479779088709885,0.0456760291313556,-3.02735439843571,0.823437973644388,0.855618981621012,-0.269378046714336,9.4803850302879,0.103748428860667,0.0447864142119815,-0.910427171576037,-0.0357872123631032,NA,0,0
0,0.0462052797527434,-0.0462052797527434,0.0440703518757141,-3.06570286337438,0.82995850569212,0.861468046294217,-0.276709766424935,9.52582277501272,0.10330167621135,0.0441456567233381,-0.911708686553324,-0.0348694719068963,NA,0,0
0,0.0445443568802291,-0.0445443568802291,0.0425601571503559,-3.10297791740569,0.836807547396855,0.867710772151701,-0.283794390117722,9.57477712054003,0.10281906458024,0.0435078918819525,-0.912984216236095,-0.034013401756696,NA,0,0
0,0.0429845857608842,-0.0429845857608842,0.0411369111478494,-3.13925434464051,0.843940370546247,0.874293298450443,-0.290648722500651,9.62702857254994,0.102304122914339,0.0428754871163092,-0.914249025767382,-0.0332119081579795,NA,0,0
0,0.0415167811264486,-0.0415167811264486,0.0397931380113472,-3.17459836789722,0.851318967842516,0.8811700603694,-0.297287934776774,9.68237339410126,0.101760160013508,0.0422502891298259,-0.915499421740348,-0.0324589926885647,NA,0,0
0,0.0401329008734988,-0.0401329008734988,0.0385222511409768,-3.20906895317698,0.858910881832472,0.888302300565435,-0.303725765283635,9.74062255254266,0.101190266762931,0.0416337239016239,-0.916732552196752,-0.03174954907297,NA,0,0
0,0.0388258647389805,-0.0388258647389805,0.0373184169662509,-3.24271887461602,0.866688267351382,0.895656886885082,-0.30997469076172,9.80160068372149,0.100597321215482,0.0410268771341735,-0.917946245731653,-0.031079203128394,NA,0,0
0,0.0375894075376643,-0.0375894075376643,0.0361764439786317,-3.27559559043977,0.874627135072712,0.90320536531336,-0.316046073204655,9.86514509204664,0.0999839957245634,0.0404305591666953,-0.91913888166661,-0.0304441856230039,NA,1,0
1,0.036417959373156,0.963582040626844,0.0350916916082512,-2.42503523172568,0.882706736793027,0.910923195448103,-0.139552613926144,11.607270392171,0.0993527654946761,0.0398453574974957,-0.920309285005009,0.763221826642322,NA,0,1
0,0.0812834485945738,-0.0812834485945738,0.0746764495791471,-2.49543613211547,0.866116061843523,0.926008903148277,-0.155488284142071,11.4884016695982,0.0846935800388772,0.0467621490549709,-0.906475701890058,-0.0593261623536068,NA,1,0
0,0.0761787440899507,-0.0761787440899507,0.0703755430388285,-2.56050123602808,0.854111008128221,0.908733648263255,-0.17029182964759,11.3852581249883,0.0855548969198261,0.046897775273515,-0.90620444945297,-0.0554498807039637,NA,0,0
0,0.071724162900803,-0.071724162900803,0.066579807356982,-2.62115470043626,0.845648968982186,0.896102349924928,-0.184107387382893,11.2965125569475,0.0863165921045032,0.046859984018817,-0.906280031962366,-0.0521977631259943,NA,0,0
0,0.0677892871259664,-0.0677892871259664,0.0631938996769197,-2.67809617703147,0.839977509859385,0.887064166016547,-0.197054218131284,11.2209705753611,0.086982899818231,0.0466879382811059,-0.906624123437788,-0.0494263279703947,NA,0,0
0,0.0642782899224935,-0.0642782899224935,0.0601465913671334,-2.73186750546101,0.836539498707501,0.88085996743263,-0.209231989216018,11.1575519650666,0.0875582327615252,0.046411982704131,-0.907176034591738,-0.0470325755463739,NA,0,0
0,0.0611189111523163,-0.0611189111523163,0.0573833898518716,-2.78289650329816,0.834913398734858,0.876927118198762,-0.220724752494278,11.1052771797994,0.0880471428240683,0.0460558450675102,-0.90788830986498,-0.0449407482398175,NA,0,0
0,0.0582554448351973,-0.0582554448351973,0.0548617479822506,-2.83152665314034,0.834774328472624,0.874839509958364,-0.231603976565493,11.0632567483713,0.0884542664541503,0.045638212230957,-0.908723575538086,-0.0430939498992935,NA,0,0
0,0.0556441211416226,-0.0556441211416226,0.0525478529239991,-2.87803778682228,0.835867881955833,0.874268428818377,-0.241930886443905,11.0306824146656,0.0887842674939114,0.0451738837225674,-0.909652232554865,-0.0414486673791268,NA,0,0
0,0.0532499735510844,-0.0532499735510844,0.0504144138678932,-2.92266084182555,0.837992059478923,0.87495622898153,-0.25175829006207,11.0068193992742,0.0890417842013006,0.0446746314055016,-0.910650737188997,-0.0399710880457315,NA,0,0
0,0.0510446580529659,-0.0510446580529659,0.0484391009372217,-2.96558860843198,0.840984507367698,0.876698150908096,-0.261132019821744,10.9909994692546,0.0892313835328483,0.0441498495110094,-0.911700300977981,-0.0386345635148175,NA,0,0
0,0.0490049003969724,-0.0490049003969724,0.0466034201340552,-3.00698370071532,0.844713323525012,0.879329473545259,-0.270092081897815,10.9826146548475,0.0893575236731383,0.0436070521132004,-0.912785895773599,-0.037417824996181,NA,0,0
0,0.0471113682225919,-0.0471113682225919,0.0448918872067872,-3.04698456487591,0.849070312957028,0.882716251057377,-0.278673581140091,10.9811115265597,0.0894245246630685,0.0430522577179726,-0.913895484564055,-0.0363037034022752,NA,0,0
0,0.0453478370999723,-0.0453478370999723,0.0432914107703267,-3.08571007416465,0.853965961008634,0.886748513709672,-0.286907471823108,10.9859859804625,0.0894365464135288,0.0424902891520153,-0.91501942169597,-0.0352781957316112,NA,0,0
0,0.0437005639674383,-0.0437005639674383,0.0417908246763662,-3.12326308895376,0.859325632893219,0.891335197310473,-0.29482117189513,10.9967784941164,0.0893975731550712,0.0419250091487438,-0.916149981702512,-0.0343297735687251,NA,0,0
0,0.042157809553158,-0.042157809553158,0.0403805286468377,-3.15973324774234,0.865086663067568,0.896400307341409,-0.302439069248048,11.0130698208654,0.0893114033224351,0.0413595066228262,-0.917280986754348,-0.0334488638013792,NA,0,0
0,0.040709469560095,-0.040709469560095,0.0390522086482307,-3.19519917885209,0.871196099900084,0.901879979490352,-0.309782941837596,11.0344770917321,0.0891816439187056,0.0407962447991983,-0.918407510401603,-0.0326274537521222,NA,0,0
1,0.0393467864233128,0.960653213576687,0.037798616821471,-2.35212133093978,0.877608939414646,0.907720200647675,-0.111146324791023,13.1667262194258,0.0890117084965121,0.040237179608354,-0.919525640783292,0.749866529269427,NA,1,1
0,0.0868973053991029,-0.0868973053991029,0.0793461637134779,-2.42679089149824,0.859285109193115,0.922158796867094,-0.130553703126237,12.9306816213091,0.0748126342669238,0.0483103968685218,-0.903379206262956,-0.0621347913121355,NA,0,0
0,0.0811524384983822,-0.0811524384983822,0.0745667202241485,-2.49544704808065,0.846014708279946,0.902978706465275,-0.148366803954909,12.723825316684,0.0761575087143346,0.0483882919489873,-0.903223416102026,-0.0578644102840421,NA,0,0
1,0.0761779758765274,0.923822024123473,0.0703748918678826,-1.72257740751765,0.836600146328304,0.888936878252602,0.078750093935482,15.3444204454994,0.0773764714003874,0.048284834415947,-0.903430331168106,0.613081493987506,NA,0,1
0,0.151539475094198,-0.151539475094198,0.128575262582373,-1.84365573326124,0.798988683762638,0.890466463697635,0.0406339415161565,14.6081402069454,0.0643317647966433,0.0604922471146782,-0.879015505770643,-0.0862669422171629,NA,0,0
0,0.136619508842561,-0.136619508842561,0.117954618646178,-1.94929511179951,0.773237873809107,0.850840461513024,0.00734342179260961,13.9905422704497,0.0675304248896142,0.060941833511513,-0.878116332976974,-0.0780909141154524,NA,0,0
0,0.124630239412592,-0.124630239412592,0.109097542836552,-2.04345615157344,0.75552321986806,0.823391895316635,-0.0220525409372552,13.4696282983938,0.0704694705065918,0.0609114830893997,-0.8781770338212,-0.0716577056112241,NA,0,0
0,0.114715272572,-0.114715272572,0.101555678810732,-2.12874696610062,0.743500081679617,0.80422437445922,-0.0482695027866511,13.0281192419887,0.073154878696848,0.0605566756465295,-0.878886648706941,-0.0664612655800613,NA,0,0
0,0.106334005111231,-0.106334005111231,0.0950270844682354,-2.20697147550073,0.735649045837085,0.790941031509371,-0.0718598920364006,12.652432028951,0.0755965365677835,0.0599803878415831,-0.880039224316834,-0.0621701363849586,NA,1,0
0,0.0991261928467058,-0.0991261928467058,0.0893001907384235,-2.27942690842148,0.730941346983795,0.781983942598515,-0.0932546200335659,12.3318144390632,0.0778062858257044,0.0592530028269632,-0.881493994346074,-0.0585597777146404,NA,0,0
0,0.0928412086135903,-0.0928412086135903,0.0842217185967581,-2.34707614576745,0.728655285257383,0.776295450545712,-0.11279387530269,12.0576782819944,0.0797969044995493,0.0584237657583004,-0.883152468483399,-0.0554733973316015,NA,0,0
0,0.0872984567082173,-0.0872984567082173,0.0796774361645808,-2.41065295403507,0.728269555555945,0.773131804999771,-0.130749502641335,11.8230988161913,0.081581517885726,0.0575277325997482,-0.884944534800504,-0.0527985508167538,NA,0,0
0,0.0823639543152577,-0.0823639543152577,0.0755801333448119,-2.47072907990765,0.729398271028039,0.771954598480443,-0.147341271239686,11.6224406569959,0.0831732330647837,0.0565901712490472,-0.886819657501906,-0.0504526906494389,NA,0,0
0,0.0779358259858474,-0.0779358259858474,0.0718618330137511,-2.52775860399541,0.731749787294435,0.772364481668923,-0.162748791023151,11.4510770880842,0.0845849033218242,0.0556294491274935,-0.888741101745013,-0.0483739589838202,NA,0,0
1,0.0739349653375147,0.926065034662485,0.0684685862380552,-1.84700845865113,0.735099717475436,0.774059069013266,0.0398385883035931,13.5181333121023,0.0858289746467065,0.0546589832902103,-0.890682033419579,0.548357904248188,NA,0,1
0,0.136224520987396,-0.136224520987396,0.117667400869151,-1.94512038817126,0.720222239057857,0.786910271143837,0.00889110824607726,12.9640253999582,0.072896215341324,0.0658404847011211,-0.868319030597758,-0.0725140889174996,NA,0,0
0,0.125086405682138,-0.125086405682138,0.109439796795661,-2.03399955997404,0.710542215343831,0.77045394336386,-0.0186163125973873,12.4994217133519,0.0759646057810841,0.0651975432648028,-0.869604913470394,-0.0675085399817557,NA,0,0
0,0.115679147828599,-0.115679147828599,0.102297482586248,-2.11551498427408,0.704668264161285,0.759411006075661,-0.0432907904777169,12.1080256950954,0.0787437430279698,0.0643509118788846,-0.871298176242231,-0.0633358973345834,NA,0,0
0,0.107597967279512,-0.107597967279512,0.0960206447168292,-2.19101192861381,0.701657719458708,0.752345997781984,-0.0656054800524846,11.7771188688795,0.0812477991818369,0.0633720838035406,-0.873255832392919,-0.0597976062227623,NA,0,0
0,0.100560529531352,-0.100560529531352,0.0904481094317258,-2.26148970273825,0.700849274092825,0.748283321902625,-0.0859330689733915,11.4966857830451,0.0834925336341387,0.0623100917515625,-0.875379816496875,-0.0567524758620647,NA,0,0
0,0.0943629840704913,-0.0943629840704913,0.0854586113078035,-2.32771038349088,0.701765436997574,0.746536658617758,-0.104570493630268,11.2587602982571,0.085494303134102,0.0611991172804889,-0.877601765439022,-0.0540978699366477,NA,1,0
0,0.0888538535527547,-0.0888538535527547,0.0809588462615803,-2.39026820529159,0.704052996008509,0.746609212108192,-0.12175703062235,11.0569421726146,0.0872694754032076,0.0600632491313536,-0.879873501737293,-0.0517576456391659,NA,1,0
0,0.0839178111505346,-0.0839178111505346,0.0768756121222378,-2.44963546127573,0.707445239219111,0.748132647051237,-0.137687583615176,10.8860390323377,0.0888340709817946,0.0589195662246099,-0.88216086755078,-0.0496742615036494,NA,0,0
0,0.0794652112831945,-0.0794652112831945,0.0731504914789117,-2.50619380635576,0.711737176139538,0.750828240783771,-0.152522521848218,10.7417994631113,0.0902035431305111,0.0577801942017703,-0.884439611596459,-0.0478035005830008,NA,0,0
0,0.0754251102575585,-0.0754251102575585,0.0697361630001937,-2.56025617325334,0.716768814960589,0.754481343802286,-0.166395039990309,10.6207122934406,0.0913926455489664,0.0566537105441654,-0.886692578911669,-0.0461108675687075,NA,0,0
0,0.0717404808456951,-0.0717404808456951,0.0665937842537235,-2.61208247178233,0.722413592967976,0.758924107416856,-0.179416724015216,10.5198542148029,0.0924153579618031,0.0555461238406969,-0.888907752318606,-0.044569079963466,NA,0,0
0,0.0683648495317649,-0.0683648495317649,0.0636910968802641,-2.6618910635916,0.728570195801042,0.764023511078415,-0.19168180646071,10.436772978226,0.0932848507043236,0.0544615676181304,-0.891076864763739,-0.0431562890163029,NA,0,0
0,0.0652598817186368,-0.0652598817186368,0.0610010295567063,-2.70986730029349,0.735156660392662,0.769672881815699,-0.203270454255856,10.3693970115575,0.0940134758960302,0.0534027987548336,-0.893194402490333,-0.0418547968832746,NA,0,0
0,0.062393613948412,-0.062393613948412,0.0585006508868686,-2.75616997872124,0.742106050565167,0.775785771203736,-0.214251334841892,10.3159648420365,0.0946127767654587,0.0523715596743057,-0.895256880651389,-0.0406501173127394,NA,0,0
1,0.0597391372876774,0.940260862712323,0.0561703727638014,-2.05157305519122,0.749363236812278,0.782291458544468,-0.0303566192573737,12.0834653735423,0.0950935092520093,0.0513688441058406,-0.897262311788319,0.592526733933934,NA,0,1
0,0.11389352928031,-0.11389352928031,0.100921793268385,-2.13565299857569,0.738232838298749,0.797661647723319,-0.053739170585475,11.7660865601148,0.0814102510643232,0.0605499976699314,-0.878900004660137,-0.0656410806442547,NA,0,0
0,0.105679526891461,-0.105679526891461,0.0945113644874579,-2.21291972629078,0.731141877597958,0.785415010252541,-0.0749720209340761,11.4943597469407,0.0835695107983911,0.0600729185690268,-0.879854162861946,-0.0614999520155014,NA,0,0
0,0.0985962780597518,-0.0985962780597518,0.0888750520125159,-2.28460914798839,0.727100688873585,0.777332798340375,-0.0943821402769131,11.2618302602255,0.0855113081553354,0.0594223231555851,-0.88115535368883,-0.058009563445316,NA,0,0
0,0.0924056714467844,-0.0924056714467844,0.0838668633312534,-2.35164134531567,0.725412155745,0.772403683584164,-0.112232897542619,11.0631229455684,0.0872461009538909,0.0586519661588881,-0.882696067682224,-0.0550207271972571,NA,0,0
0,0.0869353979694053,-0.0869353979694053,0.0793776345493064,-2.41471916063989,0.725571134400464,0.76991363282541,-0.128738395167655,10.8937492536031,0.0887853222265908,0.0578006092931478,-0.884398781413704,-0.0524262539562321,NA,0,0
0,0.0820571513117391,-0.0820571513117391,0.0753237752303415,-2.47439134996906,0.727202789461699,0.769344121043769,-0.144074311457782,10.7499459656392,0.0901408511351758,0.0568964985186583,-0.886207002962683,-0.0501473402440386,NA,1,0
0,0.0776730550084506,-0.0776730550084506,0.0716399515341048,-2.53109449026317,0.730023304580146,0.770309598524372,-0.158386098756992,10.6285433995704,0.0913246515679608,0.0559603685910825,-0.888079262817835,-0.0481248680998234,NA,0,0
1,0.0737068863021769,0.926293113697823,0.0682741812138149,-1.851367620676,0.733814015818005,0.772517571899339,0.0289590181249461,12.4303907702738,0.0923485239981285,0.0550075090391998,-0.8899849819216,0.547981141861444,NA,0,1
0,0.135712402627805,-0.135712402627805,0.117294546400794,-1.94892691278432,0.71886791641196,0.785063948121339,0.000687824218795239,11.9970575810656,0.0791741141021181,0.0652812199897537,-0.869437560020492,-0.0721956680960008,NA,0,0
0,0.124670414572611,-0.124670414572611,0.109127702302904,-2.03734291696389,0.70919796394903,0.768689241311115,-0.0246482806810516,11.6301426333277,0.0819869868903769,0.0648133500791266,-0.870373299841747,-0.0672233781740774,NA,0,0
1,0.115337570044075,0.884662429955925,0.102034814980403,-1.41508242356112,0.703387498250347,0.757772866946678,0.164785904651182,13.4567908088441,0.0845298345924264,0.0641021935680701,-0.87179561286386,0.439211757864312,NA,0,1
1,0.195433662174256,0.804566337825744,0.157239345863415,-0.867540251845656,0.680543226796117,0.762093454066588,0.329765677398641,14.9567199083782,0.0732236448516441,0.0770324892609713,-0.845935021478058,0.286385090137971,NA,1,1
1,0.295766382065012,0.704233617934988,0.208288629305185,-0.410843126994834,0.648502305513314,0.749779226644949,0.431643560374028,15.4192722001047,0.0659773358645513,0.0923418486247526,-0.815316302750495,0.143102581269808,NA,1,1
1,0.3987099723558,0.6012900276442,0.239740330299837,-0.0393873545526683,0.617764731435004,0.725163745155924,0.464494239852764,14.7375981649644,0.0640234696718646,0.105716040211202,-0.788567919577595,0.0421703061742427,NA,0,1
1,0.490154434166709,0.509845565833291,0.249903064833422,0.263254238076682,0.593594635141551,0.69698637341653,0.451518287889685,13.4864964153617,0.0669451667501316,0.113663114521441,-0.772673770957119,-0.0169297494697193,NA,0,1
0,0.565436086666761,-0.565436086666761,0.24571811856174,-0.062783158050054,0.576612288841913,0.671794941633019,0.463695284532572,12.6420943857322,0.0730647179271972,0.116405024279249,-0.767189951441502,0.0165492923405628,NA,1,0
1,0.484309364163133,0.515690635836867,0.249753803947035,0.227799628824444,0.563482767925266,0.655770661549132,0.455265554137151,11.6682765807948,0.0778689184149759,0.120710451608527,-0.758579096782945,-0.0119699432383453,NA,0,1
1,0.55670490494379,0.44329509505621,0.246784553755316,0.473464126357934,0.554178244409267,0.641976661516761,0.427372705438073,10.6714813516927,0.0842582318664696,0.122269076583005,-0.755461846833991,-0.0427544697563681,NA,0,1
1,0.616203340231416,0.383796659768584,0.236496783719062,0.684051336713294,0.548694744978598,0.630512972329774,0.392116418711588,9.80018392258918,0.0919837846977768,0.12106765644876,-0.757864687102481,-0.0594297910278755,NA,1,1
1,0.664642313123741,0.335357686876259,0.222892908729264,0.867345443111776,0.54656300890492,0.622385083431268,0.355627949123604,9.08490177843892,0.0999981608079351,0.118399910946465,-0.763200178107071,-0.0678444040675554,NA,0,1
0,0.704193039876502,-0.704193039876502,0.208305202465993,0.48200190645569,0.547212930027918,0.617612964396559,0.422521951769315,9.19799013657682,0.107701731678214,0.115039611516346,-0.769920776967308,0.12643777150999,NA,1,0
1,0.618220484265517,0.381779515734483,0.236023917100027,0.689411735932524,0.543271236220755,0.62317827360743,0.391570233303408,8.57899469014857,0.106405729891971,0.121899858831353,-0.756200282337294,-0.0591936554680068,NA,1,1
1,0.665836051707043,0.334163948292957,0.222498403954219,0.87068263473115,0.542460967811253,0.616921337075433,0.359134543546043,8.05811003045494,0.113908258894627,0.1193832931826,-0.761233413634799,-0.0674336062197686,NA,1,1
1,0.704887720230793,0.295112279769207,0.208021022098628,1.03130360046915,0.544270695423509,0.613760504013957,0.327575203390087,7.63273068995964,0.121093082595426,0.116168335590852,-0.767663328818296,-0.071185281017766,NA,0,1
1,0.737168547909483,0.262831452090517,0.193751079882507,1.17538970119118,0.548207223968011,0.61335520159627,0.297863686191913,7.29022252671266,0.12766939648287,0.112633765871663,-0.774732468256673,-0.0723678108402158,NA,1,1
1,0.764117847456567,0.235882152543433,0.18024176265491,1.30603279548813,0.553848999969999,0.61526931789126,0.27029844106043,7.01657546262392,0.133507381981465,0.10899632400506,-0.782007351989879,-0.0720866432699605,NA,1,1
1,0.786848541805806,0.213151458194194,0.167717914063883,1.42557947040776,0.560853188302903,0.61908775665683,0.244869584846423,6.79930125522144,0.138569880572745,0.105378851358861,-0.789242297282277,-0.0709805038091655,NA,1,1
1,0.806211611480591,0.193788388519409,0.15623444899446,1.53583474916348,0.568946775387864,0.624453912932517,0.221437167417701,6.62807754696612,0.142871404378259,0.101850149886861,-0.796299700226277,-0.0694221145121313,NA,1,1
1,0.822858404299503,0.177141595700497,0.145762450773179,1.63820734930572,0.577913954864262,0.631074506586095,0.199816141047474,6.49461744483831,0.146454107048671,0.0984475375725781,-0.803104924854844,-0.0676313208924189,NA,1,1
1,0.837290863522298,0.162709136477702,0.136234873384382,1.73381267021567,0.587584219175324,0.638712838042815,0.179815620167277,6.39233173569324,0.149373733187849,0.0951896995915358,-0.809620600816928,-0.0657388406499883,NA,1,1
1,0.849899453151346,0.150100546848654,0.127570372684389,1.82354614275664,0.597822422535543,0.647179172763635,0.161255945396778,6.31598291517861,0.151691395411072,0.0920841647821014,-0.815831670435797,-0.0638225948425504,NA,1,1
1,0.860991092227377,0.139008907772623,0.119685431332485,1.90813596908697,0.60852090478038,0.656321514045852,0.14397507694309,6.261390201372,0.15346878790467,0.0891317597524651,-0.82173648049507,-0.0619287493660273,NA,1,1
1,0.870809588820199,0.129190411179801,0.112500248838995,1.98818149391102,0.619593390043898,0.666017765833071,0.12782996944016,6.22519453931417,0.154765455859277,0.0863293203309274,-0.827341359338145,-0.0600841175681851,NA,1,1
1,0.879550615512751,0.120449384487249,0.105941330263891,2.06418147863599,0.630970303820907,0.676169411622392,0.112695701992645,6.20467664097375,0.155637310883157,0.0836713708222108,-0.832657258355578,-0.0583035988402658,NA,1,1
1,0.887372754135557,0.112627245864443,0.0999423493534329,2.13655520464498,0.642595186036055,0.686696535451909,0.098463717483679,6.19761762763677,0.156135907565188,0.081151176326132,-0.837697647347736,-0.0565947127923891,NA,1,1
1,0.894405711505145,0.105594288494855,0.09444413473212,2.20565842359252,0.654421938274695,0.69753393978017,0.0850398202420462,6.20219253955124,0.156308185046907,0.0787614058771524,-0.842477188245695,-0.0549604032868205,NA,1,1
1,0.900756489632094,0.0992435103679059,0.0893942360177613,2.27179555952402,0.666412702314968,0.708628127768279,0.0723422299972025,6.21688876595066,0.156196489534208,0.0764945496367728,-0.847010900726454,-0.0534007940430831,NA,1,1
1,0.906514065923856,0.0934859340761436,0.0847463142060545,2.33522915150495,0.678536216253312,0.719934955188272,0.0602998158202661,6.24044325506558,0.155838761816506,0.0743431784879892,-0.851313643024022,-0.0519142987488128,NA,1,1
1,0.911752978464798,0.0882470215352016,0.0804594847253673,2.3961872406094,0.690766532898006,0.731417797349763,0.0488505487077607,6.27179387524954,0.155268816197313,0.0723001016492401,-0.85539979670152,-0.0504983279848039,NA,1,1
1,0.916536099094967,0.0834639009050325,0.0764976781507474,2.45486920816801,0.703082014167876,0.743046111467168,0.0379401715316005,6.31004147388064,0.15451666404648,0.070358457923875,-0.85928308415225,-0.0491497410714266,NA,1,1
1,0.920916798209805,0.0790832017901947,0.072829048984806,2.51145043451479,0.715464536917519,0.754794303115435,0.0275210678715846,6.35442006505253,0.153608852418554,0.0685117637137903,-0.86297647257242,-0.0478651347445135,NA,1,1
1,0.92494064966353,0.0750593503364697,0.0694254442635368,2.56608605018395,0.727898861690699,0.766640827327091,0.0175513053157029,6.40427323232135,0.152568799386523,0.0667539329831931,-0.866492134033614,-0.0466410264915197,NA,1,1
1,0.928646784737905,0.071353215262095,0.0662619339338562,2.61891398199389,0.740372127813677,0.778567471568692,0.00799382828523642,6.45903531542848,0.151417115074221,0.0650792792253491,-0.869841441549302,-0.0454739693971096,NA,1,1
1,0.932068975929968,0.0679310240700317,0.0633164000388285,2.67005744624897,0.752873447077031,0.790558780433018,-0.00118422268493943,6.51821630520371,0.150171902179746,0.0634825061228869,-0.873034987754226,-0.0443606222433801,NA,1,1
1,0.935236510952379,0.0647634890476206,0.0605691795339994,2.71962700464987,0.765393574834236,0.802601591365619,-0.0100120855164504,6.58138963300773,0.148849032923431,0.0619586913651342,-0.876082617269731,-0.0432977903173538,NA,1,1
1,0.938174902514171,0.0618250974858291,0.0580027548066968,2.76772227149466,0.777924642267047,0.814684657882903,-0.0185158623960331,6.64818223532885,0.147462401383428,0.0605032665973588,-0.878993466805282,-0.0422824470666975,NA,1,1
1,0.940906468557948,0.0590935314420521,0.0556014859837593,2.81443334065135,0.790459937269015,0.826798342125303,-0.0267189314762892,6.7182664188598,0.146024151466229,0.0591119954747674,-0.881776009050465,-0.0413117433045731,NA,1,1
1,0.9434508095582,0.0565491904418003,0.0533513795021773,2.85984198568456,0.802993724197559,0.838934362668052,-0.0346422967028602,6.79135315982549,0.144544881543433,0.0577809511162166,-0.884438097767567,-0.0403830084143851,NA,1,1
1,0.945825203453302,0.0541747965466975,0.0512398879658215,2.90402267507892,0.815521094874368,0.851085586614556,-0.0423048859288817,6.86718655311442,0.143033827234807,0.0565064937925892,-0.886987012414822,-0.0394937465202904,NA,1,1
1,0.948044934238738,0.0519550657612621,0.049255736903005,2.94704343576057,0.828037844843267,0.863245857368702,-0.0497238057336089,6.9455391888376,0.141499024043636,0.0552852493724162,-0.889429501255168,-0.0386416296018901,NA,1,1
1,0.950123566797411,0.0498764332025893,0.0473887746135769,2.98896659138638,0.840540370148858,0.8754098513043,-0.0569145599115956,7.02620828135643,0.139947451629983,0.0541140888355921,-0.891771822328816,-0.0378244888705348,NA,1,1
1,0.952073177901769,0.0479268220982312,0.0456298418217957,3.02984939664598,0.853025580870223,0.887572957957084,-0.0638912374003727,7.10901241227632,0.138385161493337,0.0529901090232404,-0.894019781953519,-0.0370403052799579,NA,1,1
1,0.953904551286766,0.0460954487132337,0.0439706583211593,3.06974458473827,0.865490828399973,0.89973117945734,-0.0706666744279923,7.19378877710746,0.136817389763956,0.0519106146963659,-0.896178770607268,-0.0362871997435282,NA,1,1
0,0.955627343112836,-0.955627343112836,0.0424037242079379,2.23076699791915,0.877933844050817,0.911881045774303,0.0853799662956251,8.35027831087061,0.135248656696305,0.0508731019131328,-0.898253796173734,0.73467498043288,NA,1,0
1,0.902978575144855,0.0970214248551451,0.0876082679742225,2.31437824632883,0.861781287324063,0.932158474702002,0.0689523421421292,8.30600016454264,0.116955257319358,0.058171042931858,-0.883657914136284,-0.067999538959915,NA,1,1
1,0.910060859124207,0.0899391408757931,0.0818500918143174,2.39094825760579,0.851353599015443,0.915122412936377,0.0536978196151381,8.2718452639582,0.117564070145274,0.0582885140373259,-0.883422971925348,-0.0632766135714842,NA,1,1
0,0.916134453496698,-0.916134453496698,0.0768321166130042,1.61663987923343,0.845190763666821,0.903887206039835,0.220318234965163,9.58223887107973,0.118038038802987,0.0581196488603433,-0.883760702279313,0.598367826019194,NA,1,0
1,0.83433120663661,0.16566879336339,0.138222644268909,1.75019464641565,0.806155247894296,0.907249017008175,0.191060606477327,9.32185578992904,0.102226086806815,0.0684026680414629,-0.863194663917074,-0.0917685130719008,NA,1,1
1,0.851977350888067,0.148022649111933,0.126111944461819,1.86581195081904,0.781078470741101,0.866424127965422,0.16477644071085,9.09684061765173,0.105021544335682,0.0695604821309081,-0.860879035738184,-0.0830751289392604,NA,1,1
1,0.865972941128163,0.134027058871837,0.116063806362002,1.96836957413428,0.765200879423249,0.839783870970308,0.141032554014016,8.90468348215333,0.107563423008599,0.0699053676291464,-0.860189264741707,-0.0762873968667275,NA,1,1
1,0.877435881538329,0.122564118461671,0.107542155327385,2.06098927533971,0.755683656586548,0.82252880331657,0.119451221814841,8.7422567766975,0.109833582019646,0.0696971627767512,-0.860605674446498,-0.0708385377432362,NA,0,1
1,0.88705332311012,0.11294667688988,0.100189725069413,2.14578159467916,0.75072876577077,0.811787622338566,0.0997161408143966,8.60637616749779,0.111828593717627,0.0691116299487241,-0.861776740102552,-0.0663586357644242,NA,1,1
1,0.895273924394241,0.104726075605759,0.0937585246939757,2.22423636423471,0.749142647633407,0.80573636919731,0.0815658289018912,8.49404441505914,0.113554086377863,0.0682699770414226,-0.863460045917155,-0.0625993471638061,NA,1,1
1,0.902404930012752,0.0975950699872479,0.0880702723014321,2.29744268439444,0.750102645239141,0.803160852012498,0.0647845267607572,8.40254642210621,0.115021266542862,0.0672570186205363,-0.865485962758927,-0.0593891514290148,NA,1,1
1,0.908665021638384,0.0913349783616163,0.0829929000892994,2.36622011901373,0.753024042409923,0.803221917530655,0.0491936700653844,8.32947263874368,0.11624465023871,0.0661327475410757,-0.867734504917849,-0.0566064478764506,NA,1,1
1,0.914214883262757,0.0857851167372428,0.0784260304836204,2.43120067031978,0.757480478870007,0.805321562296908,0.0346447081424352,8.27270862994572,0.117240542569733,0.0649399225544439,-0.870120154891112,-0.0541629746687226,NA,1,1
1,0.919175777490205,0.0808242225097953,0.0742916675654824,2.49288202180041,0.763154281789174,0.809022632354139,0.0210132977057258,8.23040993400806,0.118026010768932,0.0637091614287131,-0.872581677142574,-0.0519933061972421,NA,1,1
1,0.923641314323174,0.0763586856768261,0.0705280367985338,2.55166327054099,0.769804354534885,0.813998610001241,0.00819468290591956,8.20097193086594,0.11861819387525,0.0624624263326315,-0.875075147334737,-0.0500480219036147,NA,1,1
1,0.927685175197608,0.0723148248023925,0.0670853909161918,2.60786959065693,0.777244780299585,0.820001088387699,-0.00389996267542877,8.18299954492528,0.119033846110818,0.0612154478374062,-0.877569104325187,-0.0482891525729501,NA,1,1
1,0.931366339031783,0.0686336609682173,0.0639230815503171,2.66176967656266,0.785330188501668,0.826838059090776,-0.0153464340690328,8.17527902957981,0.119289043813125,0.0599794339966963,-0.880041132006607,-0.0466870760290262,NA,1,1
1,0.93473271315685,0.0652672868431498,0.0610074681112838,2.71358834630031,0.793945516107917,0.834359035783144,-0.0262097987966407,8.17675272832214,0.119399007062117,0.0587622895885067,-0.882475420822986,-0.0452183574741715,NA,1,1
1,0.937823715524994,0.0621762844750062,0.0583103941238893,2.76351582185212,0.80299869915647,0.842444627704794,-0.0365462374735634,8.18649701323082,0.119378001527843,0.0575694947797465,-0.884861010440507,-0.0438642191048505,NA,1,1
1,0.940672149472522,0.0593278505274781,0.0558080566792673,2.81171467905034,0.812415362594292,0.85099908462685,-0.0464045226959204,8.20370326258595,0.119239296028171,0.0564047439503745,-0.887190512099251,-0.0426094373688354,NA,1,1
0,0.943305590225465,-0.943305590225465,0.0534801536748519,2.0361902314091,0.822134900584954,0.859944871405664,0.127069482814266,9.57744319824332,0.118995158295521,0.0552704137111492,-0.889459172577702,0.65542364029364,NA,0,0
1,0.884544763739047,0.115455236260953,0.102125324680881,2.12928339783409,0.806313939842344,0.87866791321163,0.105150158619536,9.40046710329259,0.102276226997633,0.0643394526835983,-0.871321094632803,-0.0724820319220129,NA,1,1
1,0.893716959668712,0.106283040331288,0.0949869556692262,2.21393130572431,0.796438525152931,0.861621269185767,0.0851593139430302,9.25022817018036,0.104161598518164,0.0641898376019529,-0.871620324796094,-0.0673352408970482,NA,1,1
1,0.901493589616428,0.0985064103835718,0.0888028974969151,2.29184060970341,0.790905928616511,0.850651192331728,0.066814149583955,9.12385838873156,0.10581755085612,0.0637307837425039,-0.872538432514992,-0.0630991933621805,NA,1,1
1,0.908199023589094,0.0918009764109061,0.0833735571409104,2.3642376668853,0.788630579023814,0.844133122478413,0.0498840082490609,9.01874184884551,0.107251736170571,0.0630554499574953,-0.87388910008501,-0.0595418047551936,NA,1,1
1,0.914059279687046,0.0859407203129535,0.0785549129050442,2.43203210952586,0.788851226679188,0.840964214350188,0.0341796998779317,8.93253706398687,0.108474672183735,0.0622305140139783,-0.875538971972043,-0.0565028813440905,NA,1,1
1,0.919237524971566,0.0807624750284343,0.0742398976557158,2.49591672995326,0.791018606164608,0.840369418207665,0.0195449402052463,8.8631707694765,0.109498597486496,0.0613042198017569,-0.877391560396486,-0.0538686514943104,NA,1,1
0,0.923855071355429,-0.923855071355429,0.0703468784862838,1.76170430149108,0.794726847561685,0.84178833151123,0.201897073766114,10.3459666970202,0.110336660914286,0.0603117475571057,-0.879376504885788,0.58447757915045,NA,1,0
1,0.853422983454029,0.146577016545971,0.125092194766453,1.87499694714876,0.772922306152564,0.855652380854982,0.17277226341003,10.014823608055,0.0948229810248268,0.0712036040061261,-0.857592791987748,-0.0816860359489238,NA,1,1
1,0.867035407854581,0.132964592145419,0.115285009381022,1.97595216303824,0.75926390823711,0.832098985976665,0.146711894608948,9.73501329532128,0.0978969425582094,0.0711173560134114,-0.857765287973177,-0.0752832573768083,NA,1,1
1,0.878248998503251,0.121751001496749,0.106927695131287,2.06742272640133,0.751292081696172,0.816918343242096,0.123215978566819,9.49948755219491,0.100654117943751,0.0705755177147488,-0.858848964570502,-0.0700919474481606,NA,1,1
1,0.887696285552131,0.112303714447869,0.0996915901690805,2.15136197579898,0.747430748932317,0.807607663323272,0.101879400082817,9.30203816787914,0.103098230150696,0.0697313611356328,-0.860537277728734,-0.0657882771727079,NA,1,1
1,0.895795979801575,0.104204020198425,0.0933455423729115,2.22916319994346,0.746624016965327,0.802557476868947,0.0823751108505512,9.13734483668394,0.10524057916126,0.0686888223279643,-0.862622355344071,-0.0621518468930605,NA,0,1
1,0.90283797834498,0.0971620216550197,0.0877215632029292,2.30185386126983,0.74813862544416,0.800685954996161,0.0644381757991961,9.00090351409356,0.107096826505889,0.0675195283412873,-0.864960943317426,-0.0590286329028504,NA,1,1
0,0.909030458636536,-0.909030458636536,0.0826940839075849,1.61876283426717,0.751450097752749,0.801239503010338,0.244141742669483,10.4245433522382,0.10868497843372,0.0662734143370014,-0.867453171325997,0.520223908516616,NA,1,0
1,0.834624438857438,0.165375561142562,0.138026484919345,1.73991589303034,0.732593485555735,0.815004547934784,0.211704570636541,10.0102926639302,0.0941216922785992,0.0779804853151818,-0.844039029369636,-0.0831075101396832,NA,1,1
1,0.850676382006019,0.149323617993981,0.127026075103168,1.84763104251668,0.721353734482121,0.794119485550701,0.182866785455781,9.66528666924265,0.0979403855418062,0.077477005808892,-0.845045988382216,-0.0770201446414578,NA,1,1
1,0.86384872024779,0.13615127975221,0.117614108774045,1.94503436247523,0.715405100384063,0.781130799809417,0.157030939555531,9.37850227115933,0.101365528800875,0.0765263197173633,-0.846947360565273,-0.0719959995177858,NA,1,1
1,0.874904179379522,0.125095820620478,0.109446856283767,2.03426051898631,0.71326249005379,0.7736575542806,0.13370866871421,9.14056765514361,0.104400455487804,0.0752948815328302,-0.84941023693434,-0.067773857995642,NA,1,1
1,0.884347544944191,0.115652455055809,0.102276964695373,2.11682883394842,0.713934822414816,0.770172084576112,0.112505600160248,8.94372323654184,0.107059874401673,0.0738920504417452,-0.85221589911651,-0.064167134222756,NA,1,1
1,0.892528124387663,0.107471875612337,0.0959216715647032,2.19385785580246,0.716736554704711,0.769650461393945,0.0931033971646301,8.78160593850718,0.109364639997372,0.072390834247303,-0.855218331505394,-0.0610412633240756,NA,1,1
0,0.899696586745381,-0.899696586745381,0.0902426385440925,1.54501536354315,0.721179230663165,0.771381607000992,0.264678641341115,10.077188852686,0.111338663357815,0.0708404916585087,-0.858319016682983,0.480688416807128,NA,0,0
1,0.824192629086337,0.175807370913663,0.144899139246089,1.66907857628559,0.705676969615615,0.78605238686643,0.231736035846802,9.65653270514993,0.0973028728316733,0.0825303214991553,-0.834939357001689,-0.0826709995168314,NA,1,1
1,0.841452932786519,0.158547067213481,0.133409894691485,1.77958479281873,0.696993129392574,0.768447852324915,0.202425262421759,9.30872224109815,0.101455555408192,0.0816852861510235,-0.836629427697953,-0.077094494910271,NA,1,1
1,0.855645588662573,0.144354411337427,0.123516215264852,1.87963200021809,0.693066505363007,0.757950851361494,0.176160138087514,9.02171406047432,0.105166601215655,0.0804243729780404,-0.839151254043919,-0.0723990245429565,NA,1,1
1,0.867568851526504,0.132431148473496,0.114893139387487,1.97134994782174,0.692570808762592,0.752444008351957,0.15245291395977,8.78534411559706,0.108439710171253,0.0789128524247296,-0.842174295150541,-0.0683918233191222,NA,1,1
1,0.87775603696854,0.12224396303146,0.107300376533823,2.05626258797364,0.694616225179506,0.750557190940445,0.130905783330165,8.5912702986775,0.111292343079456,0.0772577797904998,-0.845484440419001,-0.064926177367396,NA,1,1
1,0.886578890520763,0.113421109479237,0.100556761403736,2.13549686875278,0.698584956036306,0.751366531968043,0.111195744257214,8.43271214854152,0.113749204156586,0.075529457826517,-0.848941084346966,-0.0618919032224434,NA,1,1
1,0.894305716157454,0.105694283842546,0.0945230022055571,2.2099094125955,0.704035650154712,0.754227663332252,0.0930599170222185,8.30416577800745,0.115838450627471,0.0737744185225342,-0.852451162954931,-0.0592059780718006,NA,1,1
1,0.901135856681003,0.098864143318997,0.0890900244847978,2.28016675453972,0.710645331923103,0.75867832652799,0.0762831820351022,8.20115075315142,0.117589429240207,0.0720235104426197,-0.855952979114761,-0.0568052348418182,NA,1,1
1,0.907221083730519,0.0927789162694808,0.0841709889653414,2.34679804400172,0.71817275024496,0.764378929604282,0.0606882963890926,8.12000160620014,0.11903131242168,0.0702970681164602,-0.85940586376708,-0.0546410281685489,NA,1,1
0,0.912679382312757,-0.912679382312757,0.0796957274139616,1.68379626948446,0.726434482213454,0.771074878799002,0.224302322223182,9.31213603301719,0.120192284488838,0.0686082895560545,-0.862783420887891,0.512182366831377,NA,1,0
1,0.84340656563607,0.15659343436393,0.132071930678039,1.7956554273119,0.714328530323108,0.788740474229753,0.196341623706822,9.02047697378836,0.105128858179587,0.0789942877942772,-0.842011424411446,-0.078478884676523,NA,1,1
1,0.857619249772994,0.142380750227006,0.122108472191801,1.89645096082681,0.707929501384229,0.774916533293385,0.171178296583466,8.77736808869561,0.108454259236563,0.0781864889535636,-0.843627022092873,-0.0733334364297062,NA,1,1
1,0.869489316882054,0.130510683117946,0.113477644710033,1.98853898893018,0.705597625446113,0.767011930679848,0.14838344243427,8.57584991998246,0.111391221805777,0.077029348478648,-0.845941303042704,-0.0690133988748375,NA,1,1
1,0.879588483871979,0.120411516128021,0.105912582911772,2.07357956236818,0.706249503142084,0.763348513186774,0.12760152486659,8.40985425129189,0.113949077196844,0.0756546803236263,-0.848690639352748,-0.0653267937941541,NA,1,1
1,0.888308606785796,0.111691393214204,0.0992164258960739,2.15278464367757,0.709142208992673,0.762812601711605,0.108540535791213,8.2742297939689,0.116145984683765,0.0741507133503099,-0.85169857329938,-0.0621344583287622,NA,1,1
1,0.895928704748343,0.104071295251657,0.0932404607562994,2.22706557560798,0.713750431862906,0.764637369271866,0.0909607423334936,8.164654269903,0.118004824546025,0.0725770966857644,-0.854845806628471,-0.0593343752002523,NA,1,1
1,0.902653815909021,0.0973461840909787,0.087869904533904,2.29712495067584,0.71969308013544,0.768278524021236,0.0746646003117662,8.07751565736523,0.119550667335782,0.0709743803235899,-0.85805123935282,-0.0568506426839657,NA,1,1
1,0.908638648571388,0.0913613514286117,0.0830144548937494,2.36351611267642,0.726687608736361,0.773339775945346,0.0594884138447307,8.00979533128396,0.120809194617495,0.0693701494201912,-0.861259701159618,-0.0546258994186049,NA,1,1
1,0.914002581121857,0.0859974188781434,0.0786018628244405,2.42668298772392,0.734520592263412,0.779526299016641,0.0452956587806887,7.95896465628063,0.121805716177775,0.0677830758845914,-0.864433848230817,-0.0526161243074195,NA,1,1
1,0.918839515107416,0.0811604848925835,0.0745734605845843,2.48698751594616,0.743028190406331,0.786614652629093,0.0319717057718543,7.92289772562771,0.122564570644416,0.0662256419856501,-0.8675487160287,-0.0507870352594277,NA,1,1
1,0.923224546870667,0.0767754531293332,0.0708809829261188,2.5447290167445,0.752082839564264,0.794432755560902,0.0194196638624275,7.89979942230831,0.123108776421622,0.0647059990851936,-0.870588001829613,-0.0491115639543922,NA,0,1
1,0.927218606247433,0.0727813937525674,0.0674842624760012,2.60015816012917,0.761583978085279,0.802846205063747,0.00755710221238825,7.88814678535143,0.1234598473199,0.0632292526006921,-0.873541494798616,-0.0475680607334706,NA,1,1
1,0.930871757879947,0.0691282421200532,0.0643495282614445,2.65348724288087,0.77145145191277,0.811748717670257,-0.00368654568723144,7.88664145524336,0.12363771659178,0.061798360124242,-0.876403279751516,-0.046139000746244,NA,0,1
1,0.934225599812003,0.0657744001879971,0.0614481284679063,2.70489787835582,0.781620741930201,0.821055315881644,-0.01437204823328,7.89417114881596,0.123660731780262,0.0604147650096023,-0.879170469980795,-0.044810038738983,NA,1,1
1,0.937315038654432,0.062684961345568,0.0587555569666726,2.75454684094323,0.792039454466601,0.830697385508247,-0.0245520302065092,7.90977841314396,0.123545694996366,0.0590788468029421,-0.881842306394116,-0.0435693095789597,NA,1,1
1,0.940169625279678,0.0598303747203222,0.056250700981148,2.8025705709316,0.802664703553445,0.840619033046722,-0.0342723058780357,7.93263521806643,0.123307931370757,0.0577902434638564,-0.884419513072287,-0.0424069042573045,NA,1,1
1,0.942814574943028,0.0571854250569717,0.0539152522180251,2.84908869158973,0.813461133003457,0.850774362810417,-0.0435729599487719,7.96202222519925,0.122961373919554,0.0565480829700224,-0.886903834059955,-0.0413144727836937,NA,1,1
1,0.945271556972815,0.0547284430271855,0.0517332405510056,2.89420678742135,0.824399404331708,0.861125415321141,-0.0524892294979372,7.99731180546308,0.122518656824117,0.0553511503314632,-0.889297699337074,-0.0402849199440083,NA,0,1
1,0.947559313618545,0.0524406863814546,0.0496906607932965,2.93801862255138,0.83545502839806,0.871640588093783,-0.0610522279573113,8.03795406778799,0.121991211720598,0.0541980082242253,-0.891603983551549,-0.0393121697937443,NA,1,1
1,0.949694150463008,0.0503058495369921,0.0477751710393536,2.9806079297376,0.846607453769355,0.882293413021828,-0.0692895429080717,8.08346531408729,0.121389363399123,0.053087084106576,-0.893825831786848,-0.0383909815781801,NA,1,1
1,0.951690329040713,0.0483096709592873,0.0459758466510927,3.02204986642238,0.857839348972352,0.893061600583768,-0.0772257324864527,8.13341845629679,0.120722422571064,0.0520167329824132,-0.895966534035174,-0.0375168045220274,NA,1,1
1,0.953560384117796,0.0464396158822041,0.0442829779589175,3.06241220993016,0.869136032695868,0.903926285921827,-0.0848827398316271,8.18743502639481,0.119998774241847,0.0509852823922208,-0.898029435215559,-0.036685662281302,NA,1,1
1,0.955315382303191,0.0446846176968092,0.0426879026380992,3.10175634634552,0.88048501796104,0.914871429221966,-0.0922802409020212,8.24517848514624,0.119225960839405,0.0499910643892256,-0.900017871221549,-0.0358940602381499,NA,1,1
1,0.956965134515201,0.0430348654847987,0.041182865837504,3.14013809475111,0.891875644857231,0.925883335151918,-0.0994359378179422,8.30634859419309,0.118410759672971,0.0490324379619915,-0.901935124076017,-0.0351389105396072,NA,1,1
1,0.958518371817951,0.0414816281820494,0.0397609027054156,3.17760839899098,0.903298782666402,0.936950264970104,-0.106365807430658,8.37067666251732,0.117559254588115,0.0481078044353947,-0.90378439112921,-0.0344174710328976,NA,1,1
1,0.959982891930759,0.040017108069241,0.0384157391310157,3.21421391200955,0.91474658676556,0.948062121354617,-0.11308431290072,8.43792151496133,0.116676901880264,0.0472156177110585,-0.905568764577883,-0.0337272951692418,NA,1,1
1,0.961365682070161,0.0386343179298388,0.037141707407935,3.24999749244277,0.926212299080976,0.959210190730089,-0.119604584564097,8.50786605954227,0.115768590657828,0.0463543907208559,-0.907291218558288,-0.0330661906295537,NA,0,1
1,0.96267302255023,0.0373269774497696,0.035933674204234,3.28499862904068,0.937690083399237,0.970386931379184,-0.125938575177961,8.58031435339616,0.114838697926937,0.0455226991107801,-0.90895460177844,-0.0324321849347987,NA,1,1
1,0.963910574630993,0.0360894253690068,0.0347869787455417,3.31925380535038,0.949174888750411,0.981585798253832,-0.132097193696616,8.65508908562369,0.113891138716828,0.0447191829106355,-0.910561634178729,-0.0318234966876885,NA,1,1
1,0.965083455388418,0.0349165446115824,0.0336973795239698,3.35279681464565,0.960662335532085,0.992801097387436,-0.13809042097737,8.73202941007948,0.112929411588135,0.0439425467516383,-0.912114906496723,-0.0312385113839836,NA,1,1
1,0.966196301826438,0.0338036981735622,0.0326610081633529,3.3856590331813,0.972148620157415,1.00402786432241,-0.14392741021437,8.81098907302597,0.111956639873077,0.0431915590505957,-0.913616881898809,-0.0306757609547976,NA,1,1
1,0.967253326021032,0.0327466739789676,0.0316743293222828,3.41786965834781,0.983630434871145,1.01526176212908,-0.149616574413652,8.8918347901656,0.110975608992076,0.0424650504725565,-0.915069899054887,-0.0301339063732321,NA,1,1
1,0.968258362748772,0.0317416372512285,0.0307341057158399,3.44945591711202,0.995104900046897,1.02649899549041,-0.155165662830222,8.97444483534097,0.10998880017944,0.041761911904053,-0.916476176191894,-0.0296117227920671,NA,1,1
1,0.969214910785525,0.0307850892144754,0.0298373674965322,3.48044324917952,1.00656950680301,1.03773623802642,-0.16058182796877,9.05870780952123,0.10899842093419,0.041081092109302,-0.917837815781396,-0.0291080867833993,NA,1,1
1,0.970126168848878,0.0298738311511215,0.0289813853634758,3.51085546855265,1.01802206818679,1.04897057058043,-0.165871684488917,9.14452156386308,0.108006432492842,0.0404215951968621,-0.919156809606276,-0.0286219653329545,NA,1,1
1,0.970995066987962,0.0290049330120377,0.0281636468730049,3.54071490654218,1.02946067750394,1.06019942862147,-0.171041361141888,9.23179225487472,0.107014574600285,0.0397824779905073,-0.920435044018986,-0.0281524063065065,NA,1,1
1,0.971824294087595,0.0281757059124053,0.0273818355087429,3.57004253879123,1.04088367263017,1.07142055725985,-0.176096546689247,9.32043351320116,0.106024387833941,0.0391628473726714,-0.921674305254657,-0.0276985301572437,NA,1,1
1,0.972616322042827,0.0273836779571734,0.0266338121387113,3.59885809846183,1.05228960535041,1.08263197264636,-0.181042530608464,9.41036571043196,0.105037233715606,0.0385618576496929,-0.922876284700614,-0.0272595226840431,NA,1,1
1,0.973373427069701,0.0266265729302986,0.0259175985442861,3.6271801773997,1.06367721493896,1.09383192874449,-0.185884239268981,9.50151531072325,0.104054312825422,0.0379787079736915,-0.924042584052617,-0.0268346286836386,NA,1,1
1,0.974097708544123,0.0259022914558773,0.0252313627532121,3.65502631681683,1.07504540532914,1.10501888864174,-0.190626268161447,9.59381429601346,0.103076681113381,0.0374126398450919,-0.925174720309816,-0.0264231463663505,NA,1,1
1,0.974791105699913,0.025208894300087,0.024573405948254,3.68241308880254,1.08639322533135,1.11619149970865,-0.195272910678351,9.6871996552727,0.102105264585938,0.0368629347116987,-0.926274130576602,-0.026024422426698,NA,1,1
1,0.975455412466854,0.0245445875331459,0.0239421507559737,3.70935616978329,1.09771985144833,1.12734857203066,-0.199828183873334,9.78161292961473,0.101140872528726,0.0363289116741778,-0.927342176651644,-0.0256378476778825,NA,1,1
1,0.976092290687759,0.0239077093122412,0.0233361307476826,3.73587040689254,1.10902457290968,1.13848905963239,-0.204295851566743,9.87699980626872,0.100184209410993,0.0358099253033073,-0.928380149393385,-0.0252628531735861,NA,1,1
1,0.97670328191879,0.0232967180812096,0.0227539810078542,3.76196987807825,1.1203067786085,1.14961204409202,-0.208679445114485,9.97330975539154,0.0992358856033636,0.0353053635710568,-0.929389272857886,-0.0248989067524515,NA,1,1
0,0.977289817988098,-0.977289817988098,0.0221944296448882,2.65610200099033,1.13156594567262,1.16071672020709,0.00900211409779345,12.1586923638747,0.0982964270275984,0.0348146458951516,-0.930370708209697,1.02849641627243,NA,1,0
1,0.93438608949362,0.0656139105063801,0.0613087252544408,2.72840595968552,1.10196082106941,1.18180322630124,-0.0071567284257482,12.0415108638732,0.0809147093039609,0.0425090061615841,-0.914981987676832,-0.0631361813272053,NA,1,1
1,0.93868215158873,0.0613178484112701,0.0575579698774826,2.79461884260928,1.07983050024293,1.15139284888964,-0.0221103040085335,11.9394767412538,0.081689262961092,0.0429323734882449,-0.91413525302351,-0.058345162423418,NA,1,1
1,0.942384342864025,0.0576156571359753,0.054296093188765,2.85588566671976,1.06337108966554,1.12852884178708,-0.0360232498462739,11.8512094447826,0.0823758734675675,0.0431520575646308,-0.913695884870738,-0.0544107745511564,NA,1,1
1,0.945622124181035,0.0543778758189648,0.051420922440382,2.91305394039854,1.05131494781282,1.11139658530921,-0.0490289923315429,11.7755290419073,0.0829792233370346,0.0432118437994912,-0.913576312401018,-0.0511189495558605,NA,1,1
1,0.948487980109425,0.0515120198905747,0.0488585316973678,2.96676776385078,1.04274349105986,1.09871988041626,-0.0612371802857513,11.7114043089051,0.0835036177943026,0.0431456037597894,-0.913708792480421,-0.0483209737739784,NA,1,1
1,0.95105002306412,0.0489499769358797,0.0465538766938565,3.01752761223468,1.0369738978711,1.08957321361639,-0.0727390228272003,11.6579199907518,0.0839531573327911,0.0429798768649045,-0.914040246270191,-0.0459104105279013,NA,1,1
1,0.953359713979666,0.046640286020334,0.0444649697402754,3.0657297687142,1.03348758321293,1.0832680780983,-0.0836112016997343,11.6142552562495,0.0843318221728533,0.0427356636489007,-0.914528672702199,-0.0438091437896015,NA,1,1
